{
  "type": "panel",
  "name": "Treemap",
  "id": "marcusolsson-treemap-panel",
  "info": {
    "description": "Treemap panel for Grafana.",
    "author": {
      "name": "Marcus Olsson",
      "url": "https://marcus.se.net"
    },
    "keywords": [],
    "logos": {
      "small": "img/logo.svg",
      "large": "img/logo.svg"
    },
    "links": [
      {
        "name": "Website",
        "url": "https://github.com/marcusolsson/grafana-treemap-panel"
      },
      {
        "name": "License",
        "url": "https://github.com/marcusolsson/grafana-treemap-panel/blob/master/LICENSE"
      }
    ],
    "screenshots": [],
    "version": "0.2.0",
    "updated": "2020-08-14"
  },
  "dependencies": {
    "grafanaVersion": "7.0.x",
    "plugins": []
  }
}
